Name,Age,Gender,Salary,Department
-1.3416407864998738,-1.234426799696734,-1.0,-1.498537298530711,0.9045340337332909
0.4472135954999579,1.54303349962092,1.0,1.311220136214371,-0.30151134457776363
1.3416407864998738,0.0,1.0,0.1873171623163381,-1.507556722888818
-0.4472135954999579,-0.3086066999241827,-1.0,0.0,0.9045340337332909
